Data,Target
£24.35,Pricing
12:15AM,Ticket
£29.40,Pricing
£26.35,Pricing
£20.70,Pricing
£19.50,Pricing
£21.35,Pricing
£12.55,Pricing
£17.95,Pricing
£2.50,Pricing
02:45,Ticket
£12.35,Pricing
£22.95,Pricing
£2.35,Pricing
Fri 20th June,Date
21:30,Ticket
Standard,Type
£4.65,Pricing
2:30am Ticket,Ticket
10:30pm Ticket | Main Entrance,Ticket
Sep,Date
2am,Ticket
Societies Tickets,Type
04:00,Ticket
£13.55,Pricing
£17.40,Pricing
£0.75,Pricing
Sports Societies Allocation,Type
£6.35,Pricing
£22.80,Pricing
£11.90,Pricing
1:30 Ticket,Ticket
£1.55,Pricing
2:45AM,Ticket
On Sale,State
£14.35,Pricing
£18.35,Pricing
£2.55,Pricing
£13.70,Pricing
£22.70,Pricing
£26.90,Pricing
£25.40,Pricing
£5.05,Pricing
£14.80,Pricing
March,Date
10:15pm Ticket,Ticket
£15.80,Pricing
£13.95,Pricing
£10.35,Pricing
£21.15,Pricing
£5.00,Pricing
£25.65,Pricing
£16.35,Pricing
Student,Type
Early Bird Ticket,Type
£19.15,Pricing
Standard Ticket,Type
£8.50,Pricing
£3.70,Pricing
Saturday 31st July,Date
VIP Entry,Type
75 Tickets Left,State
Unavaliable,State
£2.70,Pricing
Wednesday 14th July,Date
13/01/2021,Date
£29.20,Pricing
£4.25,Pricing
General,Type
£1.40,Pricing
1:30-2:00,Ticket
£27.00,Pricing
£28.90,Pricing
£27.45,Pricing
01/05/2021,Date
£13.30,Pricing
Sun 1st August,Date
Sports Allocation,Type
23/06/2021,Date
Oct,Date
£9.45,Pricing
01/12/2021,Date
£12.80,Pricing
£25.80,Pricing
20/06/2021,Date
09:45,Ticket
BCL Entrance,Type
Selling Quickly,State
£2.20,Pricing
Mon,Date
£13.60,Pricing
22:30,Ticket
£17.55,Pricing
08/06/2021,Date
Student Ticket,Type
Tickets Unavaliable,State
06/01/2021,Date
£26.00,Pricing
04:15,Ticket
£19.65,Pricing
Table Ticket,Type
£0.60,Pricing
Standard Ticket £10,Pricing
01/04/2021,Date
12:00am Ticket,Ticket
Standard,Type
£24.20,Pricing
31/01/2021,Date
£1.35,Pricing
£2.85,Pricing
9pm,Ticket
23:00,Ticket
Under 100 Left,State
£4.60,Pricing
November,Date
£22.40,Pricing
£11.65,Pricing
£27.90,Pricing
03/01/2021,Date
£23.80,Pricing
Standard,Type
£24.95,Pricing
May,Date
£5.99,Pricing
12:45am Ticket,Ticket
£29.00,Pricing
Sold Out,State
Sun 22nd Aug,Date
£9.80,Pricing
£0.65,Pricing
09:00,Ticket
£2.95,Pricing
22:00,Ticket
Society Ticket,Type
12pm Tickets,Ticket
9:00PM,Ticket
£22.90,Pricing
55 Tickets Left,State
£8.35,Pricing
£7.30,Pricing
£6.10,Pricing
£4.15,Pricing
£26.65,Pricing
85 Tickets Left,State
VIP Entry,Type
Standard Plus Ticket,Type
10/01/2021,Date
£4.10,Pricing
£25.05,Pricing
08:30,Ticket
+£0.90 booking fee,Pricing
£25.45,Pricing
£2.99,Pricing
Sat 14th August,Date
Mon 23rd Sep,Date
£28.05,Pricing
£9.65,Pricing
£13.45,Pricing
£11.60,Pricing
£18.45,Pricing
11:00,Ticket
19/06/2021,Date
Thur,Date
£3.30,Pricing
£17.70,Pricing
£11.30,Pricing
15 Tickets left,State
Wednesday 30 Jun,Date
£5.40,Pricing
£19.00,Pricing
£3.15,Pricing
£0.55,Pricing
£17.05,Pricing
£20.30,Pricing
£1.80,Pricing
£23.70,Pricing
9:00pm Ticket,Ticket
£13.65,Pricing
£23.90,Pricing
Wed,Date
£2.60,Pricing
Societies Allocation,Type
£23.35,Pricing
£15.20,Pricing
£27.40,Pricing
£17.85,Pricing
03:30,Ticket
£29.35,Pricing
1:45 Ticket,Ticket
Not Yet on Sale,State
£22.20,Pricing
£1.45,Pricing
9:15PM,Ticket
£27.15,Pricing
Saturday 17th July,Date
1:00AM,Ticket
£18.40,Pricing
£7.55,Pricing
Avaliable Now,State
£16.10,Pricing
Sunday,Date
12:00AM,Ticket
£29.15,Pricing
Third Release,Type
£8.55,Pricing
Standard Ticket,Type
£12.65,Pricing
29/01/2021,Date
£20.10,Pricing
£14.75,Pricing
£7.35,Pricing
October,Date
12:30am Ticket,Ticket
£25.35,Pricing
01/09/2021,Date
Abbey Road Entrance,Type
Sun,Date
12:15am Ticket,Ticket
£2.15,Pricing
£20.50,Pricing
£3.65,Pricing
£13.00,Pricing
£28.75,Pricing
£18.05,Pricing
£17.45,Pricing
£10.20,Pricing
£4.35,Pricing
10:15 Ticket,Ticket
10:15PM,Ticket
£8.40,Pricing
1:15 Ticket,Ticket
£22.30,Pricing
2am Tickets,Ticket
£13.35,Pricing
£24.55,Pricing
£8.25,Pricing
10pm Ticket | Main Entrance,Ticket
Midnight Entry,Ticket
£7.50,Pricing
27/01/2021,Date
Friday 23rd July,Date
£22.00,Pricing
£12.99,Pricing
£12.15,Pricing
12:30AM,Ticket
Abbey Road Entrance,Type
Under 50 Tickets Left,State
£6.45,Pricing
August,Date
2:00-2:30,Ticket
General Release,Type
Standard Entry Ticket,Type
Thursday 24 Jun,Date
£14.25,Pricing
01/10/2021,Date
£3.85,Pricing
21/01/2021,Date
£12.75,Pricing
65 Tickets Left,State
Adult £10.50,Pricing
11:15PM,Ticket
Full,State
28/06/2021,Date
£0.99,Pricing
On sale on 15/04/21,State
£27.75,Pricing
Tickets Sold,State
£6.75,Pricing
£23.85,Pricing
£6.05,Pricing
£9.35,Pricing
£8.95,Pricing
11:45 Ticket,Ticket
£15.75,Pricing
£19.30,Pricing
£3.60,Pricing
£20.95,Pricing
20:00,Ticket
£26.15,Pricing
26/06/2021,Date
First Release,Type
£5.50,Pricing
£26.95,Pricing
SOLD OUT,State
£13.25,Pricing
Tuesday 20th July,Date
Aug,Date
£20.40,Pricing
£1.65,Pricing
£14.60,Pricing
£27.25,Pricing
24/06/2021,Date
3:30-4:00,Ticket
10:30 Ticket,Ticket
Early Bird Ticket,Type
3:00 Ticket,Ticket
14/06/2021,Date
£27.95,Pricing
£13.75,Pricing
£24.45,Pricing
£11.25,Pricing
£28.20,Pricing
Less than 20 Tickets Left,State
£10.95,Pricing
Sports Societies Allocation,Type
£19.70,Pricing
£29.95,Pricing
£0.95,Pricing
£15.10,Pricing
£16.50,Pricing
9:45pm Ticket,Ticket
Less than 50 Tickets Left,State
£4.00,Pricing
1am,Ticket
Sun 15th August,Date
07/01/2021,Date
15/01/2021,Date
£19.40,Pricing
£24.00,Pricing
£11.40,Pricing
£26.80,Pricing
10:00 Ticket,Ticket
Standard,Type
£4.20,Pricing
£27.10,Pricing
3:45AM,Ticket
£27.55,Pricing
£15.05,Pricing
£1.85,Pricing
£19.99,Pricing
Entry Before 11pm,Ticket
£3.10,Pricing
3:30AM,Ticket
Tuesday 22 Jun,Date
£6.55,Pricing
12:30 Ticket,Ticket
VIP Entrance,Type
£16.90,Pricing
23:30,Ticket
vip,Type
02/06/2021,Date
Box Entrance ,Type
£18.90,Pricing
Sports Societies Tickets,Type
21:00,Ticket
£13.80,Pricing
£29.25,Pricing
£26.30,Pricing
£17.30,Pricing
£16.70,Pricing
£21.40,Pricing
£18.00,Pricing
22/01/2021,Date
01/02/2021,Date
£5.90,Pricing
10:30PM,Ticket
£6.50,Pricing
£13.05,Pricing
£9.25,Pricing
Student Ticket,Type
£6.25,Pricing
£8.80,Pricing
Saturday 24th July,Date
1:45AM,Ticket
9:00 Ticket,Ticket
Noon Entry,Ticket
Sunday 11th July,Date
Re-Release,Type
£24.60,Pricing
01:30,Ticket
Standard Ticket £10.20,Pricing
11:00pm Ticket,Ticket
£28.55,Pricing
3:00AM,Ticket
£2.65,Pricing
Sports Societies Tickets,Type
£1.00,Pricing
£29.45,Pricing
Monday 21 Jun,Date
Thur 19th May,Date
VIP Entrance,Type
£12.50,Pricing
£10.00,Pricing
VIP Ticket £15.00,Pricing
£23.15,Pricing
December,Date
12:30-1:00,Ticket
U25 £8.75,Pricing
£10.40,Pricing
1am Tickets,Ticket
£14.70,Pricing
£5.80,Pricing
12:45 Ticket,Ticket
£0.99 Booking Fee,Pricing
£10.05,Pricing
£8.10,Pricing
£17.15,Pricing
£9.85,Pricing
£17.60,Pricing
2:45am Ticket,Ticket
£11.10,Pricing
Wed 18th March,Date
Fri,Date
£21.25,Pricing
£1.10,Pricing
£5.60,Pricing
£22.75,Pricing
02/01/2021,Date
£11.55,Pricing
£0.50,Pricing
£21.05,Pricing
02:15,Ticket
£13.90,Pricing
£29.05,Pricing
3am,Ticket
£5.20,Pricing
9:30 Ticket,Ticket
£12.30,Pricing
Less than 60 Tickets Left,State
£15.35,Pricing
13/06/2021,Date
£18.25,Pricing
£7.10,Pricing
£16.30,Pricing
Hurry,State
Sold Out,State
£8.70,Pricing
£11.00,Pricing
11:45pm Ticket,Ticket
£20.35,Pricing
30 Tickets Left,State
14/01/2021,Date
Main Entrance,Type
Tickets On Sale,State
£25.60,Pricing
£15.85,Pricing
Fri 6th August,Date
03:15,Ticket
Early Ticket,Type
£8.60,Pricing
£4.75,Pricing
£5.35,Pricing
£17.75,Pricing
£10.30,Pricing
£16.65,Pricing
£6.99,Pricing
£12.45,Pricing
17/06/2021,Date
£11.95,Pricing
24/01/2021,Date
£16.20,Pricing
9pm Tickets,Ticket
£9.50,Pricing
2:00 Ticket,Ticket
£8.00,Pricing
Entry Before 9pm,Ticket
Data,Target
£22.05,Pricing
31/06/21,Date
19/01/2021,Date
Friday 9th July,Date
Thursday 8th July,Date
£7.40,Pricing
20:15,Ticket
2023,Date
£9.75,Pricing
£20.15,Pricing
£7.65,Pricing
£25.25,Pricing
£12.70,Pricing
£20.20,Pricing
£15.55,Pricing
£24.40,Pricing
£18.99,Pricing
£16.00,Pricing
06/06/2021,Date
£29.70,Pricing
20:45,Ticket
£12.90,Pricing
£12.00,Pricing
Standard Ticket £9.70,Pricing
£23.25,Pricing
1:00am Ticket,Ticket
£4.70,Pricing
Feb,Date
£3.00,Pricing
12:00,Ticket
10:30,Ticket
£28.15,Pricing
£7.45,Pricing
£9.00,Pricing
+£0.98 booking fee,Pricing
1:15AM,Ticket
£7.99,Pricing
£22.35,Pricing
1:30am Ticket,Ticket
£29.60,Pricing
9:45PM,Ticket
1:30am-2am Ticket | Main Entrance,Ticket
£4.99,Pricing
Monday 12th July,Date
£9.30,Pricing
£28.70,Pricing
£18.70,Pricing
Sunday 4th July,Date
£25.00,Pricing
£12.20,Pricing
Wednesday 23 Jun,Date
£30.00,Pricing
£19.75,Pricing
£14.95,Pricing
Friday 25 Jun,Date
£14.40,Pricing
£14.30,Pricing
Early Ticket,Type
£28.30,Pricing
18/06/2021,Date
£2.90,Pricing
£1.95,Pricing
£14.85,Pricing
9:00pm - 9:30pm,Ticket
£1.25,Pricing
2.50 Booking,Pricing
£26.70,Pricing
£23.30,Pricing
Tuesday 29 Jun,Date
£11.50,Pricing
£16.15,Pricing
£4.85,Pricing
Thursday 22nd July,Date
£26.20,Pricing
£15.25,Pricing
2:15AM,Ticket
BCL Entrance,Type
£11.80,Pricing
Monday 5th July,Date
30/01/2021,Date
£18.75,Pricing
£26.50,Pricing
1:45am Ticket,Ticket
£17.80,Pricing
£2.45,Pricing
Less than 10 Tickets Left,State
2:30 Ticket,Ticket
£29.10,Pricing
£16.60,Pricing
2:15 Ticket,Ticket
Society Ticket,Type
£11.20,Pricing
03:00,Ticket
Tues 10th August,Date
£24.70,Pricing
£22.45,Pricing
Friday 25th June,Date
£9.90,Pricing
Limited Avaliability,State
2022,Date
£4.40,Pricing
£23.55,Pricing
08:00,Ticket
Friday 30th July,Date
10:15,Ticket
4am,Ticket
£1.70,Pricing
12:00-12:30,Ticket
35 Tickets Left,State
Thursday 1st July,Date
£3.50,Pricing
3:15 Ticket,Ticket
£10.99,Pricing
£11.45,Pricing
£20.80,Pricing
£10.10,Pricing
3:15am Ticket,Ticket
£15.15,Pricing
£21.75,Pricing
Thur 12th August,Date
Jun,Date
Wednesday 21st July,Date
£16.99,Pricing
11/06/2021,Date
£11.05,Pricing
Thursday,Date
10:45,Ticket
£14.05,Pricing
£10.50,Pricing
£17.25,Pricing
£13.99,Pricing
Tickets Sold Out,State
20 Tickets Left,State
23/01/2021,Date
£13.40,Pricing
£23.50,Pricing
04:45,Ticket
£26.60,Pricing
12:30,Ticket
On Sale On 20th May,State
3:15AM,Ticket
04/01/2021,Date
04/06/2021,Date
£4.95,Pricing
Restricted,State
£26.05,Pricing
Sunday 18th July,Date
Limited,State
£7.75,Pricing
£10.85,Pricing
£1.50,Pricing
£27.20,Pricing
Road Entrance,Type
10/06/2021,Date
On sale 1st June,State
22:45,Ticket
£2.80,Pricing
£30.05,Pricing
£16.05,Pricing
12:45,Ticket
£6.95,Pricing
Road Entrance,Type
£15.30,Pricing
02:30,Ticket
£22.60,Pricing
Less than 80 Tickets Left,State
£15.45,Pricing
£13.85,Pricing
2:30AM,Ticket
21:15,Ticket
Sat,Date
£19.35,Pricing
Sat 7th August,Date
£2.00,Pricing
£27.60,Pricing
Febuary,Date
08:15,Ticket
£5.95,Pricing
£15.95,Pricing
£28.85,Pricing
£9.99,Pricing
10:45pm Ticket,Ticket
2025,Date
11pm Tickets,Ticket
Saturday 26 Jun,Date
3:30 Ticket,Ticket
Standard,Type
£9.60,Pricing
None,State
£18.85,Pricing
July,Date
£7.70,Pricing
Saturday 10th July,Date
£1.99,Pricing
1:30AM,Ticket
£22.10,Pricing
£17.65,Pricing
First Release,Type
£13.20,Pricing
£18.55,Pricing
Very Few Left,State
22:15,Ticket
£11.15,Pricing
£1.15,Pricing
£21.20,Pricing
£21.55,Pricing
£4.45,Pricing
£1.20,Pricing
£14.45,Pricing
£13.15,Pricing
Thursday 29th July,Date
Total £9.50,Pricing
Thur 5th August,Date
£10.65,Pricing
Friday 2nd July,Date
£3.75,Pricing
£14.90,Pricing
11:15pm Ticket,Ticket
£15 + £1.99 Booking Fee,Pricing
£6.90,Pricing
£25.20,Pricing
£21.95,Pricing
Sat 21st July,Date
10:45 Ticket,Ticket
3:00-3:30,Ticket
10:00,Ticket
£21.90,Pricing
£8.05,Pricing
£12.95,Pricing
£5.75,Pricing
£12.40,Pricing
January,Date
Tickets Avaliable,State
28/01/2021,Date
11:45PM,Ticket
22/06/2021,Date
£3.05,Pricing
£8.65,Pricing
£17.90,Pricing
sold,State
£5.55,Pricing
1:15am Ticket,Ticket
£12.10,Pricing
£29.80,Pricing
£25.95,Pricing
£1.90,Pricing
£10.75,Pricing
£19.80,Pricing
£24.80,Pricing
£21.80,Pricing
Entry Before 10:30,Ticket
70 Tickets Left,State
05/01/2021,Date
Less than 40 Tickets Left,State
£26.85,Pricing
09/01/2021,Date
+£0.93 booking fee,Pricing
£18.60,Pricing
Sunday 27 Jun,Date
£4.30,Pricing
Thu 26th Dec,Date
£17.20,Pricing
£19.25,Pricing
£20.45,Pricing
100 Tickets Left,State
Entry Before 1pm,Ticket
£3.90,Pricing
50 Tickets Left,State
Standard Ticket,Type
£8.90,Pricing
£10.90,Pricing
Entry Before 12pm,Ticket
Monday 19th July,Date
£14.20,Pricing
£15.65,Pricing
£30.10,Pricing
£5.65,Pricing
Limited Tickets Left,State
11/01/2021,Date
£21.50,Pricing
£22.55,Pricing
£5.70,Pricing
£28.25,Pricing
23:45,Ticket
£11.99,Pricing
Standard,Type
Friday 16th July,Date
£5.25,Pricing
60 Tickets Left,State
£26.40,Pricing
Saturday 3rd July,Date
£20.65,Pricing
1:00-1:30,Ticket
£14.65,Pricing
£15.00,Pricing
9:30PM,Ticket
23:15,Ticket
£0.70,Pricing
10:45PM,Ticket
05/06/2021,Date
12:15 Ticket,Ticket
Entry Before 10pm,Ticket
£0.90,Pricing
£25.15,Pricing
17/01/2021,Date
Thursday 15th July,Date
£3.95,Pricing
£23.05,Pricing
Mon 16th Jan,Date
01/01/2021,Date
9:45 Ticket,Ticket
£19.20,Pricing
£3.55,Pricing
£9.55,Pricing
Student,Type
Societies Allocation,Type
Not On Sale,State
Table Ticket,Type
Under 100 Tickets Avaliable,State
01/11/2021,Date
£12.85,Pricing
09:15,Ticket
10:00PM,Ticket
£2.05,Pricing
£10.55,Pricing
£22.25,Pricing
£7.15,Pricing
£20.25,Pricing
£11.70,Pricing
£17.00,Pricing
Standard Ticket £8.50,Pricing
Thu 5th August,Date
£29.90,Pricing
Main Entrance,Type
£27.70,Pricing
£16.85,Pricing
Late Entry Ticket,Type
£24.75,Pricing
18/01/2021,Date
£10.25,Pricing
£9.15,Pricing
11:15 Ticket,Ticket
Sun 8th August,Date
Nov,Date
10 Tickets left,State
£14.50,Pricing
£18.20,Pricing
£15.99,Pricing
11:15,Ticket
03/06/2021,Date
29/06/2021,Date
£16.55,Pricing
£7.00,Pricing
£12.05,Pricing
£25.90,Pricing
2:45 Ticket,Ticket
£15.40,Pricing
£16.40,Pricing
£24.25,Pricing
£0.80,Pricing
£18.30,Pricing
£24.30,Pricing
£3.99,Pricing
£7.80,Pricing
£3.40,Pricing
Standard,Type
£29.75,Pricing
On sale 5th April,State
Jan,Date
£6.00,Pricing
£17.10,Pricing
£11.75,Pricing
£19.95,Pricing
£14.55,Pricing
£25.85,Pricing
£11.85,Pricing
9:30pm Ticket | Main Entrance,Ticket
£19.10,Pricing
£6.80,Pricing
Friday,Date
£5.30,Pricing
£8.30,Pricing
£16.75,Pricing
Standard Plus Ticket,Type
02:00,Ticket
£23.20,Pricing
Monday,Date
Second Release,Type
£10.70,Pricing
21:45,Ticket
01/08/2021,Date
£2.40,Pricing
Jul,Date
25/01/2021,Date
£22.65,Pricing
Mon 2nd August,Date
£9.20,Pricing
£20.60,Pricing
£25.75,Pricing
£3.35,Pricing
3:45am Ticket,Ticket
01/03/2021,Date
£9.10,Pricing
£16.25,Pricing
10pm Tickets,Ticket
£14.00,Pricing
2:15am Ticket,Ticket
07/06/2021,Date
£19.55,Pricing
September,Date
£27.50,Pricing
£26.55,Pricing
£29.65,Pricing
£28.00,Pricing
£22.50,Pricing
80 Tickets Left,State
Re-Release,Type
Selling soon,State
£2.10,Pricing
11:30pm Ticket,Ticket
£0.99 Booking Charge,Pricing
2021,Date
30/06/2021,Date
01/07/2021,Date
£7.05,Pricing
£5.15,Pricing
£23.65,Pricing
1:00 Ticket,Ticket
£28.10,Pricing
04:30,Ticket
£9.05,Pricing
10:00pm Ticket,Ticket
£15.70,Pricing
9:15 Ticket,Ticket
£23.00,Pricing
£16.45,Pricing
June,Date
£14.15,Pricing
£11.35,Pricing
£13.50,Pricing
£17.50,Pricing
£22.15,Pricing
£3.20,Pricing
£24.15,Pricing
Hurry!,State
27/06/2021,Date
£20.85,Pricing
£7.20,Pricing
£27.85,Pricing
9:30pm Ticket,Ticket
£28.95,Pricing
£1.05,Pricing
£27.30,Pricing
11:30,Ticket
9pm Ticket | Main Entrance,Ticket
£23.60,Pricing
£6.60,Pricing
vip,Type
Ticket £10.20,Pricing
Box Entrance ,Type
£4.50,Pricing
Standard,Type
Tue,Date
£20.05,Pricing
£23.95,Pricing
2020,Date
£21.30,Pricing
90 Tickets Left,State
£29.30,Pricing
01:00,Ticket
£7.85,Pricing
95 Tickets Left,State
Fri 13th August,Date
April,Date
£27.65,Pricing
00:30,Ticket
12:15,Ticket
Tuesday 6th July,Date
General Ticket,Type
Wednesday 28th July,Date
£25.70,Pricing
Less than 90 Tickets Left,State
20/01/2021,Date
25 Tickets Left,State
40 Tickets Left,State
£2.25,Pricing
£19.45,Pricing
General Ticket,Type
£6.65,Pricing
£20.55,Pricing
£21.70,Pricing
Saturday,Date
Dec,Date
No Tickets Left,State
Standard Ticket £7.50,Pricing
09:30,Ticket
£4.80,Pricing
11:45,Ticket
£12.60,Pricing
8:30pm-9:30pm,Ticket
£3.80,Pricing
£28.50,Pricing
Sports Allocation,Type
£14.10,Pricing
Third Release,Type
Standard,Type
Wed 23rd Jun,Date
£8.15,Pricing
Wed 4th August,Date
£24.50,Pricing
£23.10,Pricing
Tuesday 27th July,Date
£7.25,Pricing
£4.90,Pricing
£22.85,Pricing
VIP,Type
Sold-,State
+£0.95 booking fee,Pricing
£2.30,Pricing
£23.75,Pricing
£20.00,Pricing
9:15pm Ticket,Ticket
12pm,Ticket
£16.95,Pricing
12:45AM,Ticket
Societies Tickets,Type
11:00PM,Ticket
Wed 11th August,Date
Tue 17th Feb,Date
£14.99,Pricing
£25.30,Pricing
£10.60,Pricing
£28.35,Pricing
On sale 20/05/2021,State
£6.15,Pricing
£18.95,Pricing
£24.05,Pricing
01/06/2021,Date
£13.10,Pricing
£4.05,Pricing
Almost On Sale,State
£28.60,Pricing
£4.55,Pricing
Wed 25th Nov,Date
£6.70,Pricing
00:15,Ticket
12/01/2021,Date
2:00am Ticket,Ticket
£18.65,Pricing
£1.60,Pricing
£26.10,Pricing
Ticket £9.50,Pricing
Standard Ticket,Type
£15.90,Pricing
Second Release,Type
Booking Fee £3.20,Pricing
£5.10,Pricing
Less than 30 Tickets Left,State
£24.90,Pricing
Tue 24th Oct,Date
3:30am Ticket,Ticket
50 tickets left,State
£21.65,Pricing
£21.45,Pricing
Sunday 25th July,Date
£26.75,Pricing
£20.90,Pricing
26/01/2021,Date
£19.60,Pricing
VIP,Type
Less than 100 Tickets Left,State
05:00,Ticket
£24.65,Pricing
Monday 28 Jun,Date
£28.40,Pricing
£1.75,Pricing
£24.10,Pricing
£15.60,Pricing
General,Type
£29.85,Pricing
£28.65,Pricing
£18.80,Pricing
£23.40,Pricing
11:30PM,Ticket
16/01/2021,Date
£29.55,Pricing
£2.75,Pricing
11:00 Ticket,Ticket
10pm,Ticket
£21.10,Pricing
01:45,Ticket
20:30,Ticket
£8.20,Pricing
£10.80,Pricing
21/06/2021,Date
08/01/2021,Date
16/06/2021,Date
2024,Date
Ticket Sold,State
£6.20,Pricing
08:45,Ticket
11pm,Ticket
£23.45,Pricing
£8.45,Pricing
12:00 Ticket,Ticket
3:45 Ticket,Ticket
£18.50,Pricing
£16.80,Pricing
£25.55,Pricing
Mon 9th August,Date
Tue 3rd August,Date
£21.85,Pricing
£6.30,Pricing
£1.30,Pricing
£17.35,Pricing
Entry Before Midnight,Ticket
+£0.95 booking fee,Pricing
£17.99,Pricing
£27.35,Pricing
Tuesday,Date
£8.75,Pricing
Tuesday 13th July,Date
£10.15,Pricing
£24.85,Pricing
£28.45,Pricing
£15.50,Pricing
On Sale Soon,State
£9.40,Pricing
£29.50,Pricing
£19.90,Pricing
General Release,Type
00:45,Ticket
£7.95,Pricing
£28.80,Pricing
45 Tickets Left,State
11:30 Ticket,Ticket
Monday 26th July,Date
£9.95,Pricing
Avaliable,State
£25.10,Pricing
£19.85,Pricing
£20.75,Pricing
12/06/2021,Date
£21.00,Pricing
£21.60,Pricing
Late Entry Ticket,Type
£10.45,Pricing
Selling Fast,State
2:00AM,Ticket
On sale 2nd Febuary,State
Wednesday,Date
£19.05,Pricing
Wednesday 7th July,Date
00:00,Ticket
3am Tickets,Ticket
15/06/2021,Date
10:30pm Ticket,Ticket
£6.40,Pricing
£5.45,Pricing
£7.60,Pricing
£3.25,Pricing
01/06/2021,Date
VIP Ticket,Type
Mar,Date
Standard,Type
VIP Ticket,Type
Less than 70 Tickets Left,State
03:45,Ticket
£26.25,Pricing
£25.50,Pricing
2:30-3:00,Ticket
£5.85,Pricing
£6.85,Pricing
Apr,Date
3:00am Ticket,Ticket
25/06/2021,Date
£27.05,Pricing
£0.85,Pricing
£12.25,Pricing
£7.90,Pricing
£18.15,Pricing
£26.45,Pricing
£8.99,Pricing
£3.45,Pricing
£9.70,Pricing
£8.85,Pricing
£18.10,Pricing
Standard Entry Ticket,Type
01:15,Ticket
£27.80,Pricing
Seats up to 6 people,Type
Seats up to 4 people,Type
Yard,Type
